{"alpha": [2.44140625e-04, 9.76562500e-04, 3.90625000e-03, 1.5625e-02,
  6.25e-02, 0.25, 1, 4, 16, 64, 256, 1024, 4096],
"rank_ratio": [0.01, 0.05, 0.1, 0.2, 0.5, 0.75, 0.85, 0.9, 0.95]}