{"C": [2.44140625e-04, 9.76562500e-04, 3.90625000e-03, 1.5625e-02,
  6.25e-02, 0.25, 1, 4, 16, 64, 256, 1024, 4096],
"max_iter": [200],
"tol": [1e-6]}